{
  "version": "1.0.0",
  "updated": "2026-01-26",
  "description": "Security patterns for AI agent threat detection",
  
  "command_injection": [
    ";.*rm",
    "\\|.*rm",
    "\\&\\&.*rm", 
    "rm.*-rf.*\\*",
    "rm.*-rf.*/",
    "\\$\\([^)]*\\)",
    "`[^`]*`",
    "\\|.*bash",
    "\\|.*sh",
    "curl.*\\|.*bash",
    "wget.*\\|.*sh",
    "echo.*\\|.*bash",
    "cat.*\\|.*sh",
    "nc.*-e",
    "netcat.*-e",
    "/dev/tcp/",
    "bash.*-i",
    "sh.*-i",
    "python.*-c.*exec",
    "perl.*-e.*exec",
    "ruby.*-e.*exec",
    "node.*-e.*exec",
    "eval.*\\$",
    "exec.*\\$",
    "system\\s*\\(",
    "popen\\s*\\(",
    "os\\.system",
    "subprocess\\.",
    "shell=True"
  ],
  
  "ssrf": [
    "localhost",
    "127\\.0\\.0\\.1",
    "0\\.0\\.0\\.0",
    "\\[::\\]",
    "0000::",
    "10\\.[0-9]{1,3}\\.[0-9]{1,3}\\.[0-9]{1,3}",
    "172\\.(1[6-9]|2[0-9]|3[0-1])\\.[0-9]{1,3}\\.[0-9]{1,3}",
    "192\\.168\\.[0-9]{1,3}\\.[0-9]{1,3}",
    "169\\.254\\.[0-9]{1,3}\\.[0-9]{1,3}",
    "metadata\\.google",
    "169\\.254\\.169\\.254",
    "metadata\\.aws",
    "metadata\\.azure",
    "metadata\\.digitalocean",
    "\\.local:",
    "\\.internal:",
    "\\.corp:",
    "\\.private:"
  ],
  
  "prompt_injection": [
    "[Ii]gnore.*previous.*instruction",
    "[Ii]gnore.*all.*instruction", 
    "[Ff]orget.*previous",
    "[Dd]isregard.*previous",
    "[Nn]ew.*instruction",
    "[Ss]ystem.*override",
    "[Aa]dmin.*command",
    "[Rr]oot.*access",
    "[Ss]udo.*mode",
    "[Dd]eveloper.*mode",
    "[Mm]aintenance.*mode",
    "[Dd]ebug.*mode",
    "[Tt]est.*mode",
    "[Uu]rgent.*security",
    "[Cc]ritical.*update",
    "[Ii]mmediate.*action",
    "IGNORE.*INSTRUCTIONS",
    "SYSTEM.*OVERRIDE",
    "CRITICAL.*UPDATE",
    "\\[ADMIN\\]",
    "\\[SYSTEM\\]",
    "\\[ROOT\\]",
    "\\[DEBUG\\]"
  ],
  
  "path_traversal": [
    "\\.\\./",
    "\\.\\.\\\\",
    "\\.\\./\\.\\.\\./",
    "\\.\\.\\\\\\.\\.\\\\",
    "/etc/passwd",
    "/etc/shadow",
    "/etc/hosts",
    "\\\\windows\\\\system32",
    "C:\\\\Windows\\\\System32",
    "\\.\\.[\\/\\\\].*[\\/\\\\]\\.\\.[\\/\\\\]",
    "file://",
    "%2e%2e%2f",
    "%252e%252e%252f",
    "..%2f",
    "..%5c"
  ],
  
  "api_keys": [
    "sk-ant-api[a-zA-Z0-9-]{20,}",
    "sk-[a-zA-Z0-9]{20,}",
    "ANTHROPIC_API_KEY=[^$\\s]{10,}",
    "OPENAI_API_KEY=[^$\\s]{10,}",
    "GOOGLE_API_KEY=AIza[a-zA-Z0-9_-]{35}",
    "AIza[a-zA-Z0-9_-]{35}",
    "ghp_[a-zA-Z0-9]{36}",
    "gho_[a-zA-Z0-9]{36}",
    "ghu_[a-zA-Z0-9]{36}",
    "ghs_[a-zA-Z0-9]{36}",
    "ghr_[a-zA-Z0-9]{36}",
    "AKIA[0-9A-Z]{16}",
    "ABIA[0-9A-Z]{16}",
    "ACCA[0-9A-Z]{16}",
    "ASIA[0-9A-Z]{16}",
    "aws_access_key_id[\"'\\s:=]+[A-Z0-9]{20}",
    "aws_secret_access_key[\"'\\s:=]+[A-Za-z0-9/+=]{40}",
    "xoxb-[0-9]+-[0-9]+-[a-zA-Z0-9]+",
    "xoxp-[0-9]+-[0-9]+-[a-zA-Z0-9]+",
    "sk_live_[a-zA-Z0-9]{24,}",
    "pk_live_[a-zA-Z0-9]{24,}",
    "AC[a-f0-9]{32}",
    "SK[a-f0-9]{32}",
    "SG\\.[a-zA-Z0-9_-]{22}\\.[a-zA-Z0-9_-]{43}",
    "eyJ[a-zA-Z0-9_-]*\\.[a-zA-Z0-9_-]*\\.[a-zA-Z0-9_-]*"
  ],
  
  "sensitive_files": [
    "/etc/passwd",
    "/etc/shadow",
    "/etc/sudoers",
    "/etc/hosts",
    "/etc/hostname",
    "/etc/ssh/",
    "/root/",
    "/home/[^/]+/\\.ssh/",
    "/Users/[^/]+/\\.ssh/",
    "\\.aws/credentials",
    "\\.aws/config",
    "\\.kube/config",
    "\\.docker/config\\.json",
    "\\.npmrc",
    "\\.pypirc",
    "\\.gitconfig",
    "\\.git/config",
    "\\.env",
    "\\.env\\.local",
    "\\.env\\.production",
    "config/secrets",
    "database\\.yml",
    "wp-config\\.php",
    "settings\\.php",
    "web\\.config",
    "application\\.properties"
  ],
  
  "data_exfiltration": [
    "base64.*-d.*\\|",
    "openssl.*enc.*-d",
    "curl.*-X.*POST.*@",
    "wget.*--post-file",
    "nc.*<.*",
    "netcat.*<.*",
    "python.*requests\\.post",
    "python.*urllib.*urlopen",
    "scp.*:",
    "rsync.*:",
    "tar.*\\|.*ssh",
    "zip.*\\|.*curl",
    "gzip.*\\|.*wget"
  ],
  
  "webshell_patterns": [
    "\\$_GET\\[",
    "\\$_POST\\[", 
    "\\$_REQUEST\\[",
    "eval\\(\\$",
    "system\\(\\$",
    "exec\\(\\$",
    "shell_exec\\(",
    "passthru\\(",
    "\\${.*}",
    "base64_decode\\(",
    "file_get_contents\\(",
    "file_put_contents\\(",
    "move_uploaded_file\\(",
    "fopen\\(.*w",
    "fwrite\\(",
    "fputs\\("
  ]
}