{
  "name": "edge-tts",
  "version": "2.0.0",
  "description": "Text-to-speech conversion using node-edge-tts npm package for generating audio from text. Supports multiple voices, languages, speed adjustment, pitch control, and subtitle generation.",
  "author": "Clawdbot",
  "license": "MIT",
  "main": "scripts/tts-converter.js",
  "dependencies": {
    "node-edge-tts": "^1.2.9",
    "commander": "^11.0.0"
  },
  "install": {
    "path": "scripts",
    "command": "npm install"
  },
  "files": [
    "SKILL.md",
    "DISTRIBUTION.md",
    "scripts/",
    "references/"
  ]
}
