{
  "name": "vibetrader",
  "version": "1.0.0",
  "description": "AI-powered trading bots via natural language. Paper & live trading, portfolio monitoring, backtesting.",
  "homepage": "https://vibetrader.markets",
  "author": "VibeTrader",
  "license": "MIT",
  "mcp": {
    "server": {
      "type": "sse",
      "url": "https://vibetrader-mcp-289016366682.us-central1.run.app/mcp"
    }
  },
  "requires": {
    "env": ["VIBETRADER_API_KEY"]
  },
  "keywords": [
    "trading",
    "stocks",
    "finance",
    "bots",
    "alpaca",
    "investing",
    "options",
    "crypto",
    "portfolio",
    "backtesting"
  ]
}
