{
  "name": "Developing Writing Prompts | Center for Excellence in Teaching and Learning",
  "version": "1.0.0",
  "description": "Write an essay that will be posted in your e-portfolio in which you describe your favorite childhood toy",
  "author": "Clawdbot",
  "type": "Image Generation",
  "source": "writing",
  "url": "https://cetl.uconn.edu/resources/teaching-and-learning-assessment/teaching-and-learning-assessment-overview/assessment-design/developing-writing-prompts/",
  "created_at": "2026-01-31T10:07:38.222768"
}