{
  "name": "Use prompt templates | Generative AI on Vertex AI | Google Cloud",
  "version": "1.0.0",
  "description": ". Optional: To view different results, adjust the prompt, model, or parameters, and click Submit. Learn more about prompting strategies. Learn about responsible AI best practices and Vertex AI",
  "author": "Clawdbot",
  "type": "Image Generation",
  "source": "general",
  "url": "https://cloud.google.com/vertex-ai/generative-ai/docs/learn/prompts/prompt-templates",
  "created_at": "2026-01-31T10:07:38.221942"
}