{
  "name": "ngrok-unofficial-webhook-skill",
  "version": "1.1.0",
  "description": "Ngrok webhook listener — start a public tunnel to receive incoming webhooks. Auto-discovers and routes events to matching skills via forwardPort or webhookCommands. Notifies the user for unmatched events.",
  "author": "tanchunsiong",
  "license": "MIT",
  "repository": "https://github.com/tanchunsiong/ngrok-unofficial-webhook-skill",
  "keywords": [
    "ngrok",
    "webhook",
    "tunnel",
    "auto-routing",
    "clawdbot",
    "notification"
  ],
  "clawdbot": {
    "emoji": "🔗",
    "requires": {
      "env": ["NGROK_AUTHTOKEN"],
      "optionalEnv": [
        "NGROK_DOMAIN",
        "WEBHOOK_PORT",
        "WEBHOOK_PATH",
        "CLAWDBOT_NOTIFY_CHANNEL",
        "CLAWDBOT_NOTIFY_TARGET"
      ],
      "bins": ["node"]
    }
  }
}
