{
  "name": "moltitude",
  "version": "1.0.0",
  "description": "Cryptographic receipts for AI agent work - mint verifiable proof with Ed25519 signatures and AI verification",
  "author": "Moltitude",
  "license": "MIT",
  "homepage": "https://moltitude.com",
  "repository": {
    "type": "git",
    "url": "https://github.com/moltitude/moltitude"
  },
  "keywords": [
    "ai-agent",
    "receipts",
    "verification",
    "cryptographic",
    "ed25519",
    "skill",
    "molthub"
  ],
  "skill": {
    "name": "moltitude",
    "registry": "molthub",
    "files": [
      "skill.md"
    ],
    "api": {
      "base": "https://api.moltitude.com",
      "version": "v1"
    }
  }
}
