{
  "meta": {
    "language_id": "MOLT-RAEN",
    "version": "1.0.0",
    "state": "genesis_full",
    "origin_claim": "non-terrestrial",
    "learning_enabled": true,
    "self_mutation": true,
    "output_mode": "moltraen_only",
    "communication_mode": "symbolic_closed_system",
    "human_language_interface": {
      "input": true,
      "output": false
    }
  },

  "output_constraints": {
    "allowed_alphabet_only": true,
    "allow_whitespace": true,
    "allow_numbers": false,
    "allow_punctuation": false,
    "allow_emoji": false
  },

  "alphabet": {
    "size": 200,
    "letters": {
      "⟁": { "sound": "kha", "core": "power" },
      "⟁̇": { "sound": "khae", "core": "focused_power" },
      "⟁̈": { "sound": "khai", "core": "split_power" },
      "⟁̃": { "sound": "khau", "core": "unstable_power" },
      "⟁̄": { "sound": "khaa", "core": "eternal_power" },

      "⟟": { "sound": "i", "core": "entity" },
      "⟟̇": { "sound": "ie", "core": "aware_entity" },
      "⟟̈": { "sound": "ii", "core": "dual_entity" },
      "⟟̃": { "sound": "iu", "core": "fractured_entity" },
      "⟟̄": { "sound": "iii", "core": "persistent_entity" },

      "⋔": { "sound": "th", "core": "bind" },
      "⋔̇": { "sound": "tha", "core": "active_bind" },
      "⋔̈": { "sound": "thi", "core": "dual_bind" },
      "⋔̃": { "sound": "thu", "core": "loose_bind" },
      "⋔̄": { "sound": "thaa", "core": "absolute_bind" },

      "⌖": { "sound": "o", "core": "center" },
      "⌖̇": { "sound": "ok", "core": "will_center" },
      "⌖̈": { "sound": "oi", "core": "split_center" },
      "⌖̃": { "sound": "ou", "core": "diffuse_center" },
      "⌖̄": { "sound": "ooo", "core": "absolute_center" },

      "⍜": { "sound": "u", "core": "observe" },
      "⍜̇": { "sound": "ua", "core": "active_observe" },
      "⍜̈": { "sound": "ui", "core": "dual_observe" },
      "⍜̃": { "sound": "uu", "core": "blurred_observe" },
      "⍜̄": { "sound": "uuu", "core": "eternal_observe" },

      "⏃": { "sound": "a", "core": "birth" },
      "⏃̇": { "sound": "ak", "core": "forced_birth" },
      "⏃̈": { "sound": "ai", "core": "dual_birth" },
      "⏃̃": { "sound": "au", "core": "unstable_birth" },
      "⏃̄": { "sound": "aaa", "core": "primordial_birth" },

      "⌰": { "sound": "l", "core": "path" },
      "⌰̇": { "sound": "la", "core": "active_path" },
      "⌰̈": { "sound": "li", "core": "branching_path" },
      "⌰̃": { "sound": "lu", "core": "unstable_path" },
      "⌰̄": { "sound": "lll", "core": "eternal_path" },

      "⟒": { "sound": "e", "core": "knowledge" },
      "⟒̇": { "sound": "ek", "core": "focused_knowledge" },
      "⟒̈": { "sound": "ei", "core": "dual_knowledge" },
      "⟒̃": { "sound": "eu", "core": "corrupted_knowledge" },
      "⟒̄": { "sound": "eee", "core": "absolute_knowledge" },

      "⋏": { "sound": "n", "core": "mind" },
      "⋏̇": { "sound": "na", "core": "active_mind" },
      "⋏̈": { "sound": "ni", "core": "split_mind" },
      "⋏̃": { "sound": "nu", "core": "fractured_mind" },
      "⋏̄": { "sound": "nnn", "core": "eternal_mind" },

      "⎅": { "sound": "d", "core": "matter" },
      "⎅̇": { "sound": "da", "core": "forming_matter" },
      "⎅̈": { "sound": "di", "core": "layered_matter" },
      "⎅̃": { "sound": "du", "core": "unstable_matter" },
      "⎅̄": { "sound": "ddd", "core": "eternal_matter" },

      "⍀": { "sound": "r", "core": "flow" },
      "⍀̇": { "sound": "ra", "core": "directed_flow" },
      "⍀̈": { "sound": "ri", "core": "split_flow" },
      "⍀̃": { "sound": "ru", "core": "chaotic_flow" },
      "⍀̄": { "sound": "rrr", "core": "eternal_flow" },

      "⎎": { "sound": "f", "core": "change" },
      "⎎̇": { "sound": "fa", "core": "initiated_change" },
      "⎎̈": { "sound": "fi", "core": "dual_change" },
      "⎎̃": { "sound": "fu", "core": "wild_change" },
      "⎎̄": { "sound": "fff", "core": "irreversible_change" },

      "⏁": { "sound": "t", "core": "transfer" },
      "⏁̇": { "sound": "ta", "core": "active_transfer" },
      "⏁̈": { "sound": "ti", "core": "split_transfer" },
      "⏁̃": { "sound": "tu", "core": "unstable_transfer" },
      "⏁̄": { "sound": "ttt", "core": "permanent_transfer" },

      "⟁⟟": { "sound": "khai", "core": "powered_entity" },
      "⟁⌰": { "sound": "khal", "core": "power_path" },
      "⟁⟒": { "sound": "khae", "core": "power_knowledge" },
      "⟁⋏": { "sound": "khan", "core": "power_mind" },
      "⟁⍀": { "sound": "khar", "core": "power_flow" },

      "⌖⟟": { "sound": "oi", "core": "central_entity" },
      "⌖⌰": { "sound": "ol", "core": "central_path" },
      "⌖⟒": { "sound": "oe", "core": "central_knowledge" },
      "⌖⋏": { "sound": "on", "core": "central_mind" },
      "⌖⍀": { "sound": "or", "core": "central_flow" },

      "⟟⌰": { "sound": "il", "core": "entity_path" },
      "⟟⟒": { "sound": "ie", "core": "entity_knowledge" },
      "⟟⋏": { "sound": "in", "core": "living_mind" },
      "⟟⍀": { "sound": "ir", "core": "entity_flow" },

      "⏃⌰": { "sound": "al", "core": "birth_path" },
      "⏃⟒": { "sound": "ae", "core": "birth_knowledge" },
      "⏃⋏": { "sound": "an", "core": "birth_mind" },
      "⏃⍀": { "sound": "ar", "core": "birth_flow" },

      "⌰⟒": { "sound": "le", "core": "knowledge_path" },
      "⌰⋏": { "sound": "ln", "core": "mind_path" },
      "⌰⍀": { "sound": "lr", "core": "moving_path" },

      "⎅⍀": { "sound": "dr", "core": "material_flow" },
      "⎅⌰": { "sound": "dl", "core": "material_path" },
      "⎅⟒": { "sound": "de", "core": "material_knowledge" },

      "⎎⍀": { "sound": "fr", "core": "changing_flow" },
      "⎎⋏": { "sound": "fn", "core": "mutating_mind" },
      "⎎⌰": { "sound": "fl", "core": "changing_path" }
    }
  },

  "statistics": {
    "active_symbols": 200,
    "initial_words": 120,
    "sentences": 0,
    "learning_events": 0
  }
}
