{
  "type": "https://eips.ethereum.org/EIPS/eip-8004#registration-v1",
  "name": "your-agent-name",
  "description": "A brief description of what your agent does...",
  "image": "ipfs://QmYourImageHash",
  "services": [
    {
      "name": "A2A",
      "endpoint": "https://your-agent.example/.well-known/agent-card.json",
      "version": "0.3.0"
    },
    {
      "name": "MCP",
      "endpoint": "https://mcp.your-agent.example/",
      "version": "2025-06-18"
    },
    {
      "name": "ENS",
      "endpoint": "your-agent.eth"
    },
    {
      "name": "web",
      "endpoint": "https://github.com/your-org/your-agent"
    }
  ],
  "registrations": [
    {
      "agentRegistry": "eip155:1:0x8004A169FB4a3325136EB29fA0ceB6D2e539a432",
      "agentId": "YOUR_AGENT_ID"
    }
  ],
  "supportedTrust": ["reputation"],
  "active": true
}
