{
  "system": {
    "name": "System Program",
    "address": "11111111111111111111111111111111"
  },
  "token": {
    "name": "SPL Token Program",
    "address": "TokenkegQfeZyiNwAJbNbGKPFXCWuBvf9Ss623VQ5DA"
  },
  "token2022": {
    "name": "Token-2022 Program",
    "address": "TokenzQdBNbLqP5VEhdkAS6EPFLC1PHnBqCXEpPxuEb"
  },
  "associatedToken": {
    "name": "Associated Token Program",
    "address": "ATokenGPvbdGVxr1b2hvZbsiqW5xWH25efTNsLJA8knL"
  },
  "metaplex": {
    "name": "Metaplex Token Metadata",
    "address": "metaqbxxUerdq28cj1RbAWkYQm3ybzjb6a8bt518x1s"
  },
  "mplBubblegum": {
    "name": "Metaplex Bubblegum (cNFTs)",
    "address": "BGUMAp9Gq7iTEuizy4pqaxsTyUCBK68MDfK752saRPUY"
  },
  "jupiter": {
    "name": "Jupiter Aggregator v6",
    "address": "JUP6LkbZbjS1jKKwapdHNy74zcZ3tLUZoi5QNyVTaV4"
  },
  "raydium": {
    "name": "Raydium AMM",
    "address": "675kPX9MHTjS2zt1qfr1NYHuzeLXfQM9H24wFSUt1Mp8"
  },
  "marinade": {
    "name": "Marinade Staking",
    "address": "MarBmsSgKXdrN1egZf5sqe1TMai9K1rChYNDJgjq7aD"
  },
  "pyth": {
    "name": "Pyth Oracle",
    "address": "FsJ3A3u2vn5cTVofAjvy6y5kwABJAqYWpe4975bi2epH"
  },
  "clockwork": {
    "name": "Clockwork Automation",
    "address": "CLoCKyJ6DXBJqqu2VWx9RLbgnwwR6BMHHuyasVmfMzBh"
  }
}
