{
  "name": "The ultimate guide to writing effective AI prompts - Work Life by Atlassian",
  "version": "1.0.0",
  "description": "write a simple prompt like “Write an email to [contact] welcoming them to the company,” but you can add more context with a persona in order to get a better r",
  "author": "Clawdbot",
  "type": "Image Generation",
  "source": "writing",
  "url": "https://www.atlassian.com/blog/artificial-intelligence/ultimate-guide-writing-ai-prompts",
  "created_at": "2026-01-31T10:07:38.221153"
}