{
  "alerts": [
    {
      "id": "cd63e20c",
      "user_id": "+18572646913",
      "coin": "bitcoin",
      "type": "change",
      "threshold": 4.5,
      "created_at": "2026-01-05T23:10:06.018565+00:00",
      "last_triggered": null,
      "cooldown_hours": 1
    },
    {
      "id": "955144c0",
      "user_id": "+18572646913",
      "coin": "ethereum",
      "type": "change",
      "threshold": 4.5,
      "created_at": "2026-01-05T23:10:06.487296+00:00",
      "last_triggered": null,
      "cooldown_hours": 1
    },
    {
      "id": "daf7a172",
      "user_id": "+18572646913",
      "coin": "solana",
      "type": "change",
      "threshold": 4.5,
      "created_at": "2026-01-05T23:10:06.840351+00:00",
      "last_triggered": null,
      "cooldown_hours": 1
    }
  ]
}