{
  "active": true,
  "created_at": "2026-01-16T19:12:24.775417+00:00",
  "start": {
    "location": "Kippingstra\u00dfe 27, Hamburg",
    "lat": 53.570549199999995,
    "lng": 9.973119900000002,
    "address": "Kippingstra\u00dfe 27, 20144 Hamburg, Germany"
  },
  "destination": {
    "name": "Caf\u00e9 Kostbar",
    "type": "cafe",
    "lat": 53.562331500000006,
    "lng": 9.963033399999999,
    "address": "Susannenstra\u00dfe 36, 20357 Hamburg, Germany",
    "rating": 4.2,
    "reviews": 971
  },
  "vibe": "drinks",
  "total_distance_m": 1131,
  "estimated_walk_min": 14,
  "total_steps": 8,
  "current_step": 2,
  "steps_revealed": [
    {
      "step": 1,
      "type": "start",
      "phrase": "Hmm... links (S\u00fcdwesten) sieht interessant aus!",
      "timestamp": "2026-01-16T19:12:29.126208+00:00"
    },
    {
      "step": 2,
      "type": "turn",
      "phrase": "links! Vertrau mir. \ud83d\udc30",
      "timestamp": "2026-01-16T19:12:29.211795+00:00"
    }
  ],
  "initial_direction": "links (S\u00fcdwesten)",
  "revealed": true,
  "revealed_at": "2026-01-16T19:12:32.785157+00:00"
}