{
  "name": "daily-recap",
  "version": "1.0.1",
  "summary": "Generate a daily recap image with your agent holding a posterboard of accomplishments",
  "description": "A cron-driven skill that reviews your agent's daily memory files and accomplishments, then generates a custom image of your agent holding a posterboard with the day's wins. Includes weather-appropriate attire and time-of-day lighting based on current conditions.",
  "author": "dbhurley",
  "license": "MIT",
  "keywords": [
    "daily",
    "recap",
    "summary",
    "image",
    "posterboard",
    "accomplishments",
    "cron",
    "weather"
  ],
  "dependencies": {
    "skills": ["nano-banana-pro"]
  },
  "config": {
    "env": {
      "RECAP_LOCATION": {
        "description": "Location for weather lookup (e.g., 'Boston, MA')",
        "required": true
      },
      "RECAP_CHAT_ID": {
        "description": "Chat ID for image delivery",
        "required": true
      },
      "RECAP_TIME": {
        "description": "Time for daily cron in 24h format",
        "required": false,
        "default": "17:00"
      }
    }
  },
  "repository": "https://github.com/clawdbot/clawdbot",
  "homepage": "https://clawdhub.com/skills/daily-recap"
}
