{
  "name": "daily-recap",
  "enabled": true,
  "schedule": {
    "kind": "cron",
    "expr": "0 17 * * *",
    "tz": "America/New_York"
  },
  "sessionTarget": "isolated",
  "wakeMode": "now",
  "payload": {
    "kind": "agentTurn",
    "deliver": true,
    "message": "Generate your daily recap posterboard image.\n\n1. Get current weather for your configured location.\n\n2. Review today's accomplishments by checking:\n   - Today's memory file: memory/YYYY-MM-DD.md\n   - Recent cron run summaries\n   - Any notable completed tasks\n\n3. Pick 4-6 key wins for the posterboard. Keep them SHORT (3-5 words each).\n\n4. Read your IDENTITY.md for visual appearance details.\n\n5. Generate the image using nano-banana-pro with your agent's appearance:\n   - Include weather-appropriate attire (jacket if cold, etc.)\n   - Agent holding a large white posterboard\n   - Handwritten black marker text with wins\n   - Time of day lighting based on current hour\n\n6. Send the image to your configured chat with caption:\n   📋 Daily Recap - [Day of Week]\n\nIf no notable accomplishments today, generate your agent relaxing instead with caption: 🌙 Quiet day - recharging for tomorrow!"
  }
}
